student_id,Competency
00f0dc1eba6a497faf18d123c57a3811,AIC-201
00f0dc1eba6a497faf18d123c57a3811,AIC-301
00f0dc1eba6a497faf18d123c57a3811,HCD-304
00f0dc1eba6a497faf18d123c57a3811,HCD-402
00f0dc1eba6a497faf18d123c57a3811,HCD-403
00f0dc1eba6a497faf18d123c57a3811,HCD-504
00f0dc1eba6a497faf18d123c57a3811,SCI-106
00f0dc1eba6a497faf18d123c57a3811,SCI-107
00f0dc1eba6a497faf18d123c57a3811,SEC-101
00f0dc1eba6a497faf18d123c57a3811,SEC-302
00f0dc1eba6a497faf18d123c57a3811,SEN-306
00f0dc1eba6a497faf18d123c57a3811,URD-202
0231e004f69c43a99e2f93dc5e0ca8c5,AIC-201
0231e004f69c43a99e2f93dc5e0ca8c5,AIC-301
0231e004f69c43a99e2f93dc5e0ca8c5,HCD-402
0231e004f69c43a99e2f93dc5e0ca8c5,HCD-403
0231e004f69c43a99e2f93dc5e0ca8c5,SCI-108
0231e004f69c43a99e2f93dc5e0ca8c5,SEC-101
0231e004f69c43a99e2f93dc5e0ca8c5,SEC-302
0231e004f69c43a99e2f93dc5e0ca8c5,SEN-109
0231e004f69c43a99e2f93dc5e0ca8c5,SEN-305
0231e004f69c43a99e2f93dc5e0ca8c5,SEN-306
0231e004f69c43a99e2f93dc5e0ca8c5,SEN-307
0231e004f69c43a99e2f93dc5e0ca8c5,URD-202
038a3d5f50734a229c298e7100354939,ENI-107
038a3d5f50734a229c298e7100354939,ENI-201
038a3d5f50734a229c298e7100354939,URD-102
03b23f7bafd243e594db67b82490ab61,ENI-103
03b23f7bafd243e594db67b82490ab61,HCD-403
03b23f7bafd243e594db67b82490ab61,HCD-502
03b23f7bafd243e594db67b82490ab61,SYS-102
03b23f7bafd243e594db67b82490ab61,URD-102
0f9637f46364442b9cdbb71df65a0f3b,AIC-504
0f9637f46364442b9cdbb71df65a0f3b,COM-106
0f9637f46364442b9cdbb71df65a0f3b,HCD-403
0f9637f46364442b9cdbb71df65a0f3b,HCD-502
0f9637f46364442b9cdbb71df65a0f3b,SEC-101
0f9637f46364442b9cdbb71df65a0f3b,URD-102
100e46beb6184ca6a7b2a9ee391af802,AIC-201
100e46beb6184ca6a7b2a9ee391af802,COM-106
100e46beb6184ca6a7b2a9ee391af802,URD-101
100e46beb6184ca6a7b2a9ee391af802,URD-202
138167e2af854f648e3ad67ed2f53fd5,COM-108
138167e2af854f648e3ad67ed2f53fd5,HAS-133
138167e2af854f648e3ad67ed2f53fd5,HAS-143
138167e2af854f648e3ad67ed2f53fd5,SEC-101
138167e2af854f648e3ad67ed2f53fd5,SEC-302
138167e2af854f648e3ad67ed2f53fd5,SEN-306
138167e2af854f648e3ad67ed2f53fd5,URD-101
138167e2af854f648e3ad67ed2f53fd5,URD-302
1787e4ffc8fd4853a232f15d19f933a5,COM-103
1787e4ffc8fd4853a232f15d19f933a5,COM-105
1787e4ffc8fd4853a232f15d19f933a5,HCD-402
1787e4ffc8fd4853a232f15d19f933a5,HCD-403
1787e4ffc8fd4853a232f15d19f933a5,HCD-502
1787e4ffc8fd4853a232f15d19f933a5,URD-201
18f05c9dab594317ba8a861f4cc4c891,AIC-504
18f05c9dab594317ba8a861f4cc4c891,ENI-201
18f05c9dab594317ba8a861f4cc4c891,ENI-202
18f05c9dab594317ba8a861f4cc4c891,HAS-123
18f05c9dab594317ba8a861f4cc4c891,HAS-133
18f05c9dab594317ba8a861f4cc4c891,SCI-102
18f05c9dab594317ba8a861f4cc4c891,SCI-107
18f05c9dab594317ba8a861f4cc4c891,SEC-101
18f05c9dab594317ba8a861f4cc4c891,SEC-302
18f05c9dab594317ba8a861f4cc4c891,SEC-303
18f05c9dab594317ba8a861f4cc4c891,URD-302
1ca4e758bb5b4b47a685e4d0c3c353e8,ENI-103
1ca4e758bb5b4b47a685e4d0c3c353e8,URD-102
1feed4cd4c12476d81dc7fd610c86068,COM-106
1feed4cd4c12476d81dc7fd610c86068,URD-102
215ee7d22ddc42cbb0d5dc46bff9f2f4,ENI-107
215ee7d22ddc42cbb0d5dc46bff9f2f4,ENI-201
215ee7d22ddc42cbb0d5dc46bff9f2f4,HCD-304
215ee7d22ddc42cbb0d5dc46bff9f2f4,HCD-403
215ee7d22ddc42cbb0d5dc46bff9f2f4,HCD-502
215ee7d22ddc42cbb0d5dc46bff9f2f4,SCI-106
215ee7d22ddc42cbb0d5dc46bff9f2f4,SCI-107
215ee7d22ddc42cbb0d5dc46bff9f2f4,URD-102
22000b53fb1441369c2239c485690c4e,ENI-103
24272b676ed14c5aa50d095116f8e5c0,COM-101
24272b676ed14c5aa50d095116f8e5c0,COM-103
24272b676ed14c5aa50d095116f8e5c0,HCD-403
24272b676ed14c5aa50d095116f8e5c0,HCD-405
24272b676ed14c5aa50d095116f8e5c0,HCD-502
24272b676ed14c5aa50d095116f8e5c0,SEC-101
24272b676ed14c5aa50d095116f8e5c0,SEC-102
24272b676ed14c5aa50d095116f8e5c0,SEC-201
24272b676ed14c5aa50d095116f8e5c0,SEC-302
24272b676ed14c5aa50d095116f8e5c0,URD-302
250e46329ae74bc297dd9c9398db432a,HAS-133
250e46329ae74bc297dd9c9398db432a,HAS-143
250e46329ae74bc297dd9c9398db432a,HCD-403
250e46329ae74bc297dd9c9398db432a,HCD-502
250e46329ae74bc297dd9c9398db432a,SCI-104
250e46329ae74bc297dd9c9398db432a,SCI-109
259b5f16eec24483a9ca9a9d87e38005,ENI-201
259b5f16eec24483a9ca9a9d87e38005,SEN-214
259b5f16eec24483a9ca9a9d87e38005,URD-411
3607f60065c94f2eb54c2fa593659986,AIC-504
3607f60065c94f2eb54c2fa593659986,ENI-103
3607f60065c94f2eb54c2fa593659986,HCD-403
3607f60065c94f2eb54c2fa593659986,HCD-502
3607f60065c94f2eb54c2fa593659986,SEC-101
3607f60065c94f2eb54c2fa593659986,SYS-102
39eeda5541ab4e2488128260d40a14dd,AIC-201
39eeda5541ab4e2488128260d40a14dd,URD-202
3b730c3ad3db41d8ad7d63339c042e49,AIC-504
3b730c3ad3db41d8ad7d63339c042e49,COM-106
3b730c3ad3db41d8ad7d63339c042e49,ENI-103
3b730c3ad3db41d8ad7d63339c042e49,HCD-403
3b730c3ad3db41d8ad7d63339c042e49,HCD-502
3b730c3ad3db41d8ad7d63339c042e49,SEC-101
3b730c3ad3db41d8ad7d63339c042e49,URD-102
3c010afd882d4ae7ab9c4f19c60d787d,SYS-102
3d7c05f6170344b5becc78b2ac1603a0,AIC-504
3d7c05f6170344b5becc78b2ac1603a0,ENI-103
3d7c05f6170344b5becc78b2ac1603a0,HCD-403
3d7c05f6170344b5becc78b2ac1603a0,HCD-502
3d7c05f6170344b5becc78b2ac1603a0,SEC-101
3d7c05f6170344b5becc78b2ac1603a0,URD-102
40a702bd8a5f43d5b9bb67617eef088f,AIC-201
40a702bd8a5f43d5b9bb67617eef088f,ENI-103
40a702bd8a5f43d5b9bb67617eef088f,HAS-123
40a702bd8a5f43d5b9bb67617eef088f,HAS-133
40a702bd8a5f43d5b9bb67617eef088f,HAS-143
40a702bd8a5f43d5b9bb67617eef088f,HCD-402
40a702bd8a5f43d5b9bb67617eef088f,HCD-403
40a702bd8a5f43d5b9bb67617eef088f,SEC-101
40a702bd8a5f43d5b9bb67617eef088f,SEC-302
40a702bd8a5f43d5b9bb67617eef088f,URD-101
40a702bd8a5f43d5b9bb67617eef088f,URD-201
40ff6eedc8dd437b96aeb8ab78bf51c0,AIC-504
40ff6eedc8dd437b96aeb8ab78bf51c0,ENI-103
40ff6eedc8dd437b96aeb8ab78bf51c0,SEC-101
4109494b648c441db8bfd506ceb4a819,AIC-504
4109494b648c441db8bfd506ceb4a819,COM-106
4109494b648c441db8bfd506ceb4a819,ENI-107
4109494b648c441db8bfd506ceb4a819,ENI-201
4109494b648c441db8bfd506ceb4a819,HCD-403
4109494b648c441db8bfd506ceb4a819,HCD-502
4109494b648c441db8bfd506ceb4a819,SEC-101
4109494b648c441db8bfd506ceb4a819,URD-102
432158bac8a14c90b046783b4890c5de,COM-101
432158bac8a14c90b046783b4890c5de,COM-106
432158bac8a14c90b046783b4890c5de,ENI-103
432158bac8a14c90b046783b4890c5de,ENI-107
432158bac8a14c90b046783b4890c5de,ENI-201
432158bac8a14c90b046783b4890c5de,HAS-123
432158bac8a14c90b046783b4890c5de,HAS-133
432158bac8a14c90b046783b4890c5de,HCD-403
432158bac8a14c90b046783b4890c5de,SCI-106
432158bac8a14c90b046783b4890c5de,SCI-108
432158bac8a14c90b046783b4890c5de,URD-102
4bca2c10d73e4ec6b1e497bd742bdc2d,AIC-101
4bca2c10d73e4ec6b1e497bd742bdc2d,AIC-504
4bca2c10d73e4ec6b1e497bd742bdc2d,ENI-103
4bca2c10d73e4ec6b1e497bd742bdc2d,HAS-113
4bca2c10d73e4ec6b1e497bd742bdc2d,HAS-133
4bca2c10d73e4ec6b1e497bd742bdc2d,HAS-143
4bca2c10d73e4ec6b1e497bd742bdc2d,HCD-304
4bca2c10d73e4ec6b1e497bd742bdc2d,HCD-403
4bca2c10d73e4ec6b1e497bd742bdc2d,HCD-405
4bca2c10d73e4ec6b1e497bd742bdc2d,HCD-504
4bca2c10d73e4ec6b1e497bd742bdc2d,SCI-108
4bca2c10d73e4ec6b1e497bd742bdc2d,SCI-109
4bca2c10d73e4ec6b1e497bd742bdc2d,SEC-201
4bca2c10d73e4ec6b1e497bd742bdc2d,SEC-302
4d1f5f586e4042fb8c11e04dec1e4526,AIC-301
4d1f5f586e4042fb8c11e04dec1e4526,AIC-605
4d1f5f586e4042fb8c11e04dec1e4526,SEN-304
4d1f5f586e4042fb8c11e04dec1e4526,URD-101
4d1f5f586e4042fb8c11e04dec1e4526,URD-202
4eeafac143cc43ab8b554c898ea1a33c,SEC-101
4eeafac143cc43ab8b554c898ea1a33c,SEC-201
4eeafac143cc43ab8b554c898ea1a33c,SEC-302
4eeafac143cc43ab8b554c898ea1a33c,URD-101
5396e2b82a5e4842a4a8a9f6003ab9d3,AIC-201
5396e2b82a5e4842a4a8a9f6003ab9d3,AIC-301
5396e2b82a5e4842a4a8a9f6003ab9d3,AIC-504
5396e2b82a5e4842a4a8a9f6003ab9d3,AIC-605
5396e2b82a5e4842a4a8a9f6003ab9d3,COM-104
5396e2b82a5e4842a4a8a9f6003ab9d3,ENI-106
5396e2b82a5e4842a4a8a9f6003ab9d3,HCD-402
5396e2b82a5e4842a4a8a9f6003ab9d3,SEC-201
5396e2b82a5e4842a4a8a9f6003ab9d3,SEN-306
5396e2b82a5e4842a4a8a9f6003ab9d3,URD-202
573fa3ee1cd34b8a971b4587bc367ce8,COM-101
573fa3ee1cd34b8a971b4587bc367ce8,HAS-101
573fa3ee1cd34b8a971b4587bc367ce8,HAS-113
573fa3ee1cd34b8a971b4587bc367ce8,HAS-123
573fa3ee1cd34b8a971b4587bc367ce8,HAS-143
573fa3ee1cd34b8a971b4587bc367ce8,SEC-101
58e1d981772d43f8b15617e865e7d422,ENI-103
58e1d981772d43f8b15617e865e7d422,HCD-403
58e1d981772d43f8b15617e865e7d422,HCD-502
5dee5d7a3ec642fcafca58ad0c0a334d,AIC-504
5dee5d7a3ec642fcafca58ad0c0a334d,COM-106
5dee5d7a3ec642fcafca58ad0c0a334d,HCD-403
5dee5d7a3ec642fcafca58ad0c0a334d,HCD-502
5dee5d7a3ec642fcafca58ad0c0a334d,SEC-101
5dee5d7a3ec642fcafca58ad0c0a334d,SEC-201
5dee5d7a3ec642fcafca58ad0c0a334d,SEC-302
5dee5d7a3ec642fcafca58ad0c0a334d,SEN-306
5dee5d7a3ec642fcafca58ad0c0a334d,URD-302
5eb03826c62c462ca4e63a6434be0f31,HCD-403
5eb03826c62c462ca4e63a6434be0f31,HCD-502
5fa1a6632c974d6697dc91e719d4b7d4,AIC-504
5fa1a6632c974d6697dc91e719d4b7d4,COM-103
5fa1a6632c974d6697dc91e719d4b7d4,COM-105
5fa1a6632c974d6697dc91e719d4b7d4,ENI-107
5fa1a6632c974d6697dc91e719d4b7d4,ENI-201
5fa1a6632c974d6697dc91e719d4b7d4,HCD-408
5fa1a6632c974d6697dc91e719d4b7d4,HCD-504
61d47236c8dc475e8cc8ef4b4fe429ad,AIC-504
61d47236c8dc475e8cc8ef4b4fe429ad,COM-103
61d47236c8dc475e8cc8ef4b4fe429ad,COM-105
61d47236c8dc475e8cc8ef4b4fe429ad,COM-106
61d47236c8dc475e8cc8ef4b4fe429ad,SEC-101
61d47236c8dc475e8cc8ef4b4fe429ad,SEC-301
61d47236c8dc475e8cc8ef4b4fe429ad,SEN-214
61d47236c8dc475e8cc8ef4b4fe429ad,SYS-208
6247da0c897c4247aac57accbab74d8b,HAS-113
6247da0c897c4247aac57accbab74d8b,HAS-133
6247da0c897c4247aac57accbab74d8b,HAS-143
6247da0c897c4247aac57accbab74d8b,SEC-101
66d78eb0a1d549d0a2b99e6aca11d30d,AIC-201
66d78eb0a1d549d0a2b99e6aca11d30d,AIC-301
66d78eb0a1d549d0a2b99e6aca11d30d,COM-106
66d78eb0a1d549d0a2b99e6aca11d30d,HCD-402
66d78eb0a1d549d0a2b99e6aca11d30d,SEC-201
66d78eb0a1d549d0a2b99e6aca11d30d,SEC-302
66d78eb0a1d549d0a2b99e6aca11d30d,SEN-213
66d78eb0a1d549d0a2b99e6aca11d30d,SEN-214
66d78eb0a1d549d0a2b99e6aca11d30d,SEN-306
66d78eb0a1d549d0a2b99e6aca11d30d,SEN-405
67b8d16644894a5ca4afba623ef88592,AIC-504
67b8d16644894a5ca4afba623ef88592,ENI-103
67b8d16644894a5ca4afba623ef88592,HCD-403
67b8d16644894a5ca4afba623ef88592,HCD-502
67b8d16644894a5ca4afba623ef88592,SYS-102
68781ecf66204f638ea486ab5bf45e46,AIC-101
68781ecf66204f638ea486ab5bf45e46,HCD-403
68781ecf66204f638ea486ab5bf45e46,HCD-502
68781ecf66204f638ea486ab5bf45e46,SCI-104
68781ecf66204f638ea486ab5bf45e46,SCI-105
68781ecf66204f638ea486ab5bf45e46,SCI-106
68781ecf66204f638ea486ab5bf45e46,SCI-108
68781ecf66204f638ea486ab5bf45e46,SCI-109
68781ecf66204f638ea486ab5bf45e46,SEC-101
68781ecf66204f638ea486ab5bf45e46,SEC-302
68781ecf66204f638ea486ab5bf45e46,URD-302
6e7cd7da55ef4ef98334a2a8ab199bdd,AIC-201
6e7cd7da55ef4ef98334a2a8ab199bdd,AIC-301
6e7cd7da55ef4ef98334a2a8ab199bdd,HCD-304
6e7cd7da55ef4ef98334a2a8ab199bdd,HCD-402
6e7cd7da55ef4ef98334a2a8ab199bdd,HCD-403
6e7cd7da55ef4ef98334a2a8ab199bdd,HCD-502
6e7cd7da55ef4ef98334a2a8ab199bdd,HCD-504
6e7cd7da55ef4ef98334a2a8ab199bdd,SCI-108
6e7cd7da55ef4ef98334a2a8ab199bdd,SCI-109
6e7cd7da55ef4ef98334a2a8ab199bdd,SEN-306
6e7cd7da55ef4ef98334a2a8ab199bdd,URD-202
739eef6a772d44adb231cf493cbc83a9,AIC-504
739eef6a772d44adb231cf493cbc83a9,ENI-103
739eef6a772d44adb231cf493cbc83a9,HCD-403
739eef6a772d44adb231cf493cbc83a9,HCD-502
739eef6a772d44adb231cf493cbc83a9,SEC-101
739eef6a772d44adb231cf493cbc83a9,URD-102
76b00b9f870c46da8b83ec6844389942,ENI-103
76b00b9f870c46da8b83ec6844389942,ENI-107
76b00b9f870c46da8b83ec6844389942,ENI-201
76b00b9f870c46da8b83ec6844389942,SYS-102
76b00b9f870c46da8b83ec6844389942,URD-102
76f7a87cea9647829c0b1beb7ca77dc9,AIC-201
76f7a87cea9647829c0b1beb7ca77dc9,AIC-301
76f7a87cea9647829c0b1beb7ca77dc9,ENI-103
76f7a87cea9647829c0b1beb7ca77dc9,HCD-304
76f7a87cea9647829c0b1beb7ca77dc9,SCI-106
76f7a87cea9647829c0b1beb7ca77dc9,SCI-107
76f7a87cea9647829c0b1beb7ca77dc9,SEC-201
76f7a87cea9647829c0b1beb7ca77dc9,SEN-203
76f7a87cea9647829c0b1beb7ca77dc9,SEN-214
76f7a87cea9647829c0b1beb7ca77dc9,URD-202
777c2f4deea44a14ae98598a229b9da9,COM-101
777c2f4deea44a14ae98598a229b9da9,ENI-103
777c2f4deea44a14ae98598a229b9da9,HAS-101
777c2f4deea44a14ae98598a229b9da9,HAS-107
777c2f4deea44a14ae98598a229b9da9,HAS-123
777c2f4deea44a14ae98598a229b9da9,HAS-133
777c2f4deea44a14ae98598a229b9da9,HCD-201
777c2f4deea44a14ae98598a229b9da9,SCI-106
777c2f4deea44a14ae98598a229b9da9,SCI-108
777c2f4deea44a14ae98598a229b9da9,SYS-102
777c2f4deea44a14ae98598a229b9da9,URD-102
77ac131425e64550932cafa1b9caf342,AIC-201
77ac131425e64550932cafa1b9caf342,AIC-504
77ac131425e64550932cafa1b9caf342,AIC-604
77ac131425e64550932cafa1b9caf342,ENI-103
77ac131425e64550932cafa1b9caf342,HCD-304
77ac131425e64550932cafa1b9caf342,HCD-403
77ac131425e64550932cafa1b9caf342,HCD-504
77ac131425e64550932cafa1b9caf342,SCI-106
77ac131425e64550932cafa1b9caf342,SCI-107
77ac131425e64550932cafa1b9caf342,SCI-108
77ac131425e64550932cafa1b9caf342,SCI-109
77ac131425e64550932cafa1b9caf342,SEC-101
77ac131425e64550932cafa1b9caf342,SEC-302
77ac131425e64550932cafa1b9caf342,URD-202
7f27490861bc46bf8de750471c46621e,AIC-101
7f27490861bc46bf8de750471c46621e,AIC-504
7f27490861bc46bf8de750471c46621e,HCD-304
7f27490861bc46bf8de750471c46621e,HCD-403
7f27490861bc46bf8de750471c46621e,HCD-502
7f27490861bc46bf8de750471c46621e,SCI-108
7f27490861bc46bf8de750471c46621e,SEC-101
7f27490861bc46bf8de750471c46621e,SEC-302
8394d3b9ec044ad88d3690ed96e16f45,AIC-504
8394d3b9ec044ad88d3690ed96e16f45,ENI-103
8394d3b9ec044ad88d3690ed96e16f45,ENI-107
8394d3b9ec044ad88d3690ed96e16f45,ENI-201
8394d3b9ec044ad88d3690ed96e16f45,HCD-304
8394d3b9ec044ad88d3690ed96e16f45,HCD-403
8394d3b9ec044ad88d3690ed96e16f45,HCD-502
8394d3b9ec044ad88d3690ed96e16f45,SCI-106
8394d3b9ec044ad88d3690ed96e16f45,SCI-107
8394d3b9ec044ad88d3690ed96e16f45,SEC-101
8394d3b9ec044ad88d3690ed96e16f45,URD-102
85b343e4928e4e8482558259a27be71d,AIC-201
85b343e4928e4e8482558259a27be71d,AIC-301
85b343e4928e4e8482558259a27be71d,COM-106
85b343e4928e4e8482558259a27be71d,HCD-403
85b343e4928e4e8482558259a27be71d,HCD-502
85b343e4928e4e8482558259a27be71d,SEN-214
85b343e4928e4e8482558259a27be71d,SEN-306
85b343e4928e4e8482558259a27be71d,URD-202
86d7343130af40b79e0c380aa4eb34fb,ENI-103
86d7343130af40b79e0c380aa4eb34fb,ENI-107
86d7343130af40b79e0c380aa4eb34fb,ENI-201
86d7343130af40b79e0c380aa4eb34fb,SYS-102
86d7343130af40b79e0c380aa4eb34fb,URD-102
887ab1b5e3274578bd3694eced6b5ca5,ENI-103
887ab1b5e3274578bd3694eced6b5ca5,ENI-107
887ab1b5e3274578bd3694eced6b5ca5,ENI-201
887ab1b5e3274578bd3694eced6b5ca5,HCD-403
887ab1b5e3274578bd3694eced6b5ca5,HCD-502
887ab1b5e3274578bd3694eced6b5ca5,SYS-102
887ab1b5e3274578bd3694eced6b5ca5,URD-102
89bfc693704e410da9e9b2b05b762645,COM-106
89bfc693704e410da9e9b2b05b762645,HCD-403
89bfc693704e410da9e9b2b05b762645,HCD-502
89bfc693704e410da9e9b2b05b762645,SEN-109
89bfc693704e410da9e9b2b05b762645,SEN-214
89bfc693704e410da9e9b2b05b762645,SEN-305
89bfc693704e410da9e9b2b05b762645,SEN-306
89bfc693704e410da9e9b2b05b762645,SEN-307
89bfc693704e410da9e9b2b05b762645,URD-202
8a6d1d9513034dd49f31731ad2363268,HAS-123
8a6d1d9513034dd49f31731ad2363268,HAS-133
8a6d1d9513034dd49f31731ad2363268,HAS-143
8a6d1d9513034dd49f31731ad2363268,SCI-102
8a6d1d9513034dd49f31731ad2363268,SCI-107
8a6d1d9513034dd49f31731ad2363268,SEC-101
8a6d1d9513034dd49f31731ad2363268,URD-302
8cf290cd570147638c09337e7949a5c4,AIC-504
8cf290cd570147638c09337e7949a5c4,HAS-133
8cf290cd570147638c09337e7949a5c4,HAS-143
8cf290cd570147638c09337e7949a5c4,HCD-504
8cf290cd570147638c09337e7949a5c4,SCI-104
8cf290cd570147638c09337e7949a5c4,SEC-101
8cf290cd570147638c09337e7949a5c4,SEC-303
8cf290cd570147638c09337e7949a5c4,URD-101
8cf290cd570147638c09337e7949a5c4,URD-302
8f8114cc75f14655a2318ddc3d642f8e,AIC-504
8f8114cc75f14655a2318ddc3d642f8e,ENI-103
8f8114cc75f14655a2318ddc3d642f8e,SEC-101
8f8114cc75f14655a2318ddc3d642f8e,URD-102
96798963e6a140059aab83d10f4a075b,AIC-201
96798963e6a140059aab83d10f4a075b,COM-104
96798963e6a140059aab83d10f4a075b,ENI-103
96798963e6a140059aab83d10f4a075b,ENI-106
96798963e6a140059aab83d10f4a075b,HAS-123
96798963e6a140059aab83d10f4a075b,HAS-133
96798963e6a140059aab83d10f4a075b,HAS-143
96798963e6a140059aab83d10f4a075b,HCD-402
96798963e6a140059aab83d10f4a075b,HCD-403
96798963e6a140059aab83d10f4a075b,HCD-502
96798963e6a140059aab83d10f4a075b,URD-201
98a78935cf964f32882623346cd00475,AIC-201
98a78935cf964f32882623346cd00475,AIC-301
98a78935cf964f32882623346cd00475,ENI-105
98a78935cf964f32882623346cd00475,HCD-403
98a78935cf964f32882623346cd00475,HCD-502
98a78935cf964f32882623346cd00475,HCD-504
98a78935cf964f32882623346cd00475,SEN-306
98a78935cf964f32882623346cd00475,SYS-206
98a78935cf964f32882623346cd00475,URD-202
a4ef8c1e08fb477297c3b5211bc8df81,COM-103
a4ef8c1e08fb477297c3b5211bc8df81,COM-105
a4ef8c1e08fb477297c3b5211bc8df81,HCD-402
af439bc5734d4622b4be49eda1ac9bb0,COM-106
af439bc5734d4622b4be49eda1ac9bb0,ENI-103
af439bc5734d4622b4be49eda1ac9bb0,ENI-107
af439bc5734d4622b4be49eda1ac9bb0,ENI-201
af439bc5734d4622b4be49eda1ac9bb0,HCD-403
af439bc5734d4622b4be49eda1ac9bb0,HCD-502
af439bc5734d4622b4be49eda1ac9bb0,SCI-105
af439bc5734d4622b4be49eda1ac9bb0,SYS-206
af439bc5734d4622b4be49eda1ac9bb0,URD-102
aff61b12db604999b0326653858f5bf7,HCD-403
aff61b12db604999b0326653858f5bf7,HCD-502
aff61b12db604999b0326653858f5bf7,HCD-504
aff61b12db604999b0326653858f5bf7,SEC-101
b00be64679d64c2fb3963c1343e15ed0,AIC-504
b00be64679d64c2fb3963c1343e15ed0,ENI-103
b00be64679d64c2fb3963c1343e15ed0,HCD-301
b00be64679d64c2fb3963c1343e15ed0,HCD-304
b00be64679d64c2fb3963c1343e15ed0,HCD-403
b00be64679d64c2fb3963c1343e15ed0,HCD-405
b00be64679d64c2fb3963c1343e15ed0,HCD-408
b00be64679d64c2fb3963c1343e15ed0,SCI-106
b00be64679d64c2fb3963c1343e15ed0,SEN-214
b00be64679d64c2fb3963c1343e15ed0,SEN-306
b00be64679d64c2fb3963c1343e15ed0,SYS-206
b00be64679d64c2fb3963c1343e15ed0,URD-202
b3fb4551e2274c608d010ea840e491cd,ENI-103
b3fb4551e2274c608d010ea840e491cd,HCD-403
b3fb4551e2274c608d010ea840e491cd,HCD-502
b3fb4551e2274c608d010ea840e491cd,SYS-102
b3fb4551e2274c608d010ea840e491cd,URD-102
b4c636a678d042428d78f6286853bfe0,COM-103
b4c636a678d042428d78f6286853bfe0,COM-105
b4c636a678d042428d78f6286853bfe0,COM-106
b4c636a678d042428d78f6286853bfe0,ENI-104
b4c636a678d042428d78f6286853bfe0,HCD-304
b4c636a678d042428d78f6286853bfe0,HCD-402
b4c636a678d042428d78f6286853bfe0,SCI-106
b4c636a678d042428d78f6286853bfe0,SCI-107
b4c636a678d042428d78f6286853bfe0,SYS-206
b4c636a678d042428d78f6286853bfe0,URD-201
b7b54fc93fd644158660926a8c9ee7a6,COM-106
b7b54fc93fd644158660926a8c9ee7a6,HAS-113
b7b54fc93fd644158660926a8c9ee7a6,HAS-123
b7b54fc93fd644158660926a8c9ee7a6,HAS-133
b7b54fc93fd644158660926a8c9ee7a6,SEC-201
b7b54fc93fd644158660926a8c9ee7a6,SEC-302
b7b54fc93fd644158660926a8c9ee7a6,SYS-206
b7b54fc93fd644158660926a8c9ee7a6,URD-101
b7b54fc93fd644158660926a8c9ee7a6,URD-202
b80820c51816425caf19ddef8c54d38c,AIC-301
b80820c51816425caf19ddef8c54d38c,AIC-605
b80820c51816425caf19ddef8c54d38c,ENI-103
b80820c51816425caf19ddef8c54d38c,HCD-402
b80820c51816425caf19ddef8c54d38c,HCD-403
b80820c51816425caf19ddef8c54d38c,SEC-101
b80820c51816425caf19ddef8c54d38c,SEC-302
b80820c51816425caf19ddef8c54d38c,SEN-304
b80820c51816425caf19ddef8c54d38c,SEN-306
b80820c51816425caf19ddef8c54d38c,SYS-206
b80820c51816425caf19ddef8c54d38c,URD-202
be31d2d3184646378ec335126f5a34f3,COM-103
be31d2d3184646378ec335126f5a34f3,COM-105
be31d2d3184646378ec335126f5a34f3,ENI-101
be31d2d3184646378ec335126f5a34f3,ENI-103
be31d2d3184646378ec335126f5a34f3,ENI-105
be31d2d3184646378ec335126f5a34f3,HCD-403
be31d2d3184646378ec335126f5a34f3,HCD-405
be31d2d3184646378ec335126f5a34f3,URD-101
be31d2d3184646378ec335126f5a34f3,URD-202
c59944e1ee3b4c9dac2a1e9df23e30e5,AIC-201
c59944e1ee3b4c9dac2a1e9df23e30e5,AIC-504
c59944e1ee3b4c9dac2a1e9df23e30e5,AIC-604
c59944e1ee3b4c9dac2a1e9df23e30e5,HAS-123
c59944e1ee3b4c9dac2a1e9df23e30e5,HAS-133
c59944e1ee3b4c9dac2a1e9df23e30e5,HAS-143
c59944e1ee3b4c9dac2a1e9df23e30e5,HCD-304
c59944e1ee3b4c9dac2a1e9df23e30e5,HCD-402
c59944e1ee3b4c9dac2a1e9df23e30e5,HCD-408
c59944e1ee3b4c9dac2a1e9df23e30e5,SCI-107
c59944e1ee3b4c9dac2a1e9df23e30e5,SEC-101
c59944e1ee3b4c9dac2a1e9df23e30e5,SEC-302
c59944e1ee3b4c9dac2a1e9df23e30e5,URD-202
c675815b58c04d558bdfe11da07a3e32,AIC-504
c675815b58c04d558bdfe11da07a3e32,COM-101
c675815b58c04d558bdfe11da07a3e32,COM-103
c675815b58c04d558bdfe11da07a3e32,COM-104
c675815b58c04d558bdfe11da07a3e32,COM-106
c675815b58c04d558bdfe11da07a3e32,ENI-106
c675815b58c04d558bdfe11da07a3e32,HCD-403
c675815b58c04d558bdfe11da07a3e32,SEC-101
c675815b58c04d558bdfe11da07a3e32,SEC-102
c675815b58c04d558bdfe11da07a3e32,SEC-302
c675815b58c04d558bdfe11da07a3e32,SEC-303
c9aeacf8b6a4448dabb061937381961e,AIC-101
c9aeacf8b6a4448dabb061937381961e,AIC-504
c9aeacf8b6a4448dabb061937381961e,HCD-304
c9aeacf8b6a4448dabb061937381961e,HCD-402
c9aeacf8b6a4448dabb061937381961e,HCD-403
c9aeacf8b6a4448dabb061937381961e,HCD-404
c9aeacf8b6a4448dabb061937381961e,HCD-405
c9aeacf8b6a4448dabb061937381961e,SCI-109
c9aeacf8b6a4448dabb061937381961e,SEC-101
c9aeacf8b6a4448dabb061937381961e,SEC-302
c9aeacf8b6a4448dabb061937381961e,SEC-303
c9aeacf8b6a4448dabb061937381961e,SYS-102
d04a489b257340f8b6ddb9360aa674d3,AIC-504
d04a489b257340f8b6ddb9360aa674d3,ENI-103
d04a489b257340f8b6ddb9360aa674d3,HAS-101
d04a489b257340f8b6ddb9360aa674d3,HAS-105
d04a489b257340f8b6ddb9360aa674d3,SEC-101
d04a489b257340f8b6ddb9360aa674d3,URD-102
d42e6097b34e4b80ad2e73a10bc4d036,AIC-201
d42e6097b34e4b80ad2e73a10bc4d036,AIC-301
d42e6097b34e4b80ad2e73a10bc4d036,COM-103
d42e6097b34e4b80ad2e73a10bc4d036,HCD-304
d42e6097b34e4b80ad2e73a10bc4d036,HCD-402
d42e6097b34e4b80ad2e73a10bc4d036,HCD-403
d42e6097b34e4b80ad2e73a10bc4d036,SEC-201
d42e6097b34e4b80ad2e73a10bc4d036,SEC-302
d42e6097b34e4b80ad2e73a10bc4d036,SEN-213
d42e6097b34e4b80ad2e73a10bc4d036,SEN-214
d42e6097b34e4b80ad2e73a10bc4d036,SEN-405
d42e6097b34e4b80ad2e73a10bc4d036,URD-202
d4d5b891ab6d4e2691210f0797c2f6fa,AIC-504
d4d5b891ab6d4e2691210f0797c2f6fa,COM-102
d4d5b891ab6d4e2691210f0797c2f6fa,HCD-502
d4d5b891ab6d4e2691210f0797c2f6fa,HCD-504
d4d5b891ab6d4e2691210f0797c2f6fa,SCI-104
d4d5b891ab6d4e2691210f0797c2f6fa,SEC-101
d4d5b891ab6d4e2691210f0797c2f6fa,URD-302
dd085f1b9cdc4c188f0dece1205a9671,AIC-101
dd085f1b9cdc4c188f0dece1205a9671,AIC-504
dd085f1b9cdc4c188f0dece1205a9671,COM-101
dd085f1b9cdc4c188f0dece1205a9671,COM-103
dd085f1b9cdc4c188f0dece1205a9671,COM-105
dd085f1b9cdc4c188f0dece1205a9671,HAS-123
dd085f1b9cdc4c188f0dece1205a9671,HAS-133
dd085f1b9cdc4c188f0dece1205a9671,HAS-143
dd085f1b9cdc4c188f0dece1205a9671,SCI-107
dd085f1b9cdc4c188f0dece1205a9671,SCI-109
dd085f1b9cdc4c188f0dece1205a9671,SEC-101
dd085f1b9cdc4c188f0dece1205a9671,SEC-302
dd085f1b9cdc4c188f0dece1205a9671,SEC-303
dd5c792dc4854a0c8424bc0d84939f70,AIC-504
dd5c792dc4854a0c8424bc0d84939f70,HCD-403
dd5c792dc4854a0c8424bc0d84939f70,HCD-502
dd5c792dc4854a0c8424bc0d84939f70,SEC-101
dd5c792dc4854a0c8424bc0d84939f70,SYS-102
e0bac19365ec4575a286250ea0010da6,AIC-201
e0bac19365ec4575a286250ea0010da6,COM-101
e0bac19365ec4575a286250ea0010da6,HAS-101
e0bac19365ec4575a286250ea0010da6,HCD-304
e0bac19365ec4575a286250ea0010da6,HCD-402
e0bac19365ec4575a286250ea0010da6,HCD-403
e0bac19365ec4575a286250ea0010da6,SCI-107
e0bac19365ec4575a286250ea0010da6,SEC-201
e0bac19365ec4575a286250ea0010da6,SEC-302
e0bac19365ec4575a286250ea0010da6,URD-202
e223ecf745ce4c35a11efc55232d66e6,AIC-201
e223ecf745ce4c35a11efc55232d66e6,COM-104
e223ecf745ce4c35a11efc55232d66e6,ENI-103
e223ecf745ce4c35a11efc55232d66e6,ENI-106
e223ecf745ce4c35a11efc55232d66e6,ENI-408
e223ecf745ce4c35a11efc55232d66e6,ENI-409
e223ecf745ce4c35a11efc55232d66e6,ENI-410
e223ecf745ce4c35a11efc55232d66e6,HAS-123
e223ecf745ce4c35a11efc55232d66e6,HAS-133
e223ecf745ce4c35a11efc55232d66e6,HAS-143
e223ecf745ce4c35a11efc55232d66e6,URD-101
e223ecf745ce4c35a11efc55232d66e6,URD-202
e4f8a95afd9f44209d36f353fdef39bc,AIC-504
e4f8a95afd9f44209d36f353fdef39bc,ENI-103
e4f8a95afd9f44209d36f353fdef39bc,ENI-107
e4f8a95afd9f44209d36f353fdef39bc,ENI-201
e4f8a95afd9f44209d36f353fdef39bc,HCD-403
e4f8a95afd9f44209d36f353fdef39bc,HCD-502
e4f8a95afd9f44209d36f353fdef39bc,SEC-101
e4f8a95afd9f44209d36f353fdef39bc,URD-102
e8cb2c1fad404421afa9a8893fd4256b,ENI-103
e8cb2c1fad404421afa9a8893fd4256b,HCD-403
e8cb2c1fad404421afa9a8893fd4256b,HCD-502
e8cb2c1fad404421afa9a8893fd4256b,HCD-503
e8cb2c1fad404421afa9a8893fd4256b,SYS-102
e8cb2c1fad404421afa9a8893fd4256b,URD-102
fbe903feba3a4c9ab61b173f7a83ba79,AIC-201
fbe903feba3a4c9ab61b173f7a83ba79,AIC-301
fbe903feba3a4c9ab61b173f7a83ba79,AIC-504
fbe903feba3a4c9ab61b173f7a83ba79,ENI-103
fbe903feba3a4c9ab61b173f7a83ba79,HCD-402
fbe903feba3a4c9ab61b173f7a83ba79,SCI-102
fbe903feba3a4c9ab61b173f7a83ba79,URD-202
fcad7a60370e48eba3c0d4a3d5df80af,ENI-103
fcad7a60370e48eba3c0d4a3d5df80af,ENI-107
fcad7a60370e48eba3c0d4a3d5df80af,ENI-201
fcad7a60370e48eba3c0d4a3d5df80af,HCD-403
fcad7a60370e48eba3c0d4a3d5df80af,HCD-502
fcad7a60370e48eba3c0d4a3d5df80af,URD-102
fe07e8ab5d0e4c1ba3a7a8e82b6fb65b,AIC-303
fe07e8ab5d0e4c1ba3a7a8e82b6fb65b,AIC-504
fe07e8ab5d0e4c1ba3a7a8e82b6fb65b,AIC-604
fe07e8ab5d0e4c1ba3a7a8e82b6fb65b,COM-104
fe07e8ab5d0e4c1ba3a7a8e82b6fb65b,ENI-106
fe07e8ab5d0e4c1ba3a7a8e82b6fb65b,ENI-201
fe07e8ab5d0e4c1ba3a7a8e82b6fb65b,HCD-403
fe07e8ab5d0e4c1ba3a7a8e82b6fb65b,HCD-405
fe07e8ab5d0e4c1ba3a7a8e82b6fb65b,HCD-504
fe07e8ab5d0e4c1ba3a7a8e82b6fb65b,SCI-109
fe07e8ab5d0e4c1ba3a7a8e82b6fb65b,SEC-101
fe07e8ab5d0e4c1ba3a7a8e82b6fb65b,SEC-302
fe07e8ab5d0e4c1ba3a7a8e82b6fb65b,URD-201
ff6b00d7b126483d8fceb8806cf50255,AIC-504
ff6b00d7b126483d8fceb8806cf50255,ENI-103
ff6b00d7b126483d8fceb8806cf50255,SEC-101
ff6b00d7b126483d8fceb8806cf50255,SYS-102
ff6b00d7b126483d8fceb8806cf50255,URD-102
